ST_NAME,TS_NAME,CP_NAME,ROC2014-15,ROCP2014-15,R2014-15,ROY2014-15,ROC2015-16,ROCP2015-16,R2015-16,ROY2015-16,ROC2016-17,ROCP2016-17,R2016-17,ROY2016-17,ROC2017-18,ROCP2017-18,R2017-18,ROY2017-18,ROC2018-19,ROCP2018-19,R2018-19,ROY2018-19
Shan,Taunggyi,Groundnut,1549,1549,45.64,70691,1496,1496,45.63,68266,1338,1338,46,61551,1341,1341,46,61688,1257,1257,45.59,57340
Shan,Kyauktalonegyi,Groundnut,2957,2957,49.25,145638,2970,2970,48.97,145436,3118,3118,48.77,152065,3025,3025,48.83,147710,3070,3070,48.63,149940
Shan,Hopong,Groundnut,2854,2854,47.66,136024,3618,3618,47.67,172469,3546,3546,48.25,171090,3698,3698,48.12,177942,3181,3181,48.45,153137
Shan,Nyaungshwe,Groundnut,3296,3296,46.55,153429,3316,3316,46.52,154260,3316,3316,46.52,154260,3351,3351,46.45,155656,3351,3268,46.3,151309
Shan,His Hseng,Groundnut,4982,4982,47.01,234223,4982,4982,47.02,234272,4982,4982,47.04,234367,932,932,251.64,234527,4982,4982,47.1,234646
Shan,Kalaw,Groundnut,2933,2933,48.5,142250,2932,2932,48.75,142930,2932,2932,48.75,142930,3084,3084,48.5,149575,3083,3083,48.75,150295
Shan,Pindaya,Groundnut,1768,1768,44.7,79025,1807,1807,44.87,81078,1797,1797,44.86,80622,1773,1773,46.11,81752,1836,1836,45.05,82719
Shan,Ywangan,Groundnut,1689,1689,46.85,79130,1713,1713,46.84,80237,1713,1713,46.84,80237,2046,2046,44.1,90229,2152,2152,46.01,94795
Shan,Lawksawk,Groundnut,1921,1921,46.48,89292,1921,1921,46.63,89571,2021,2021,44.18,89292,2021,2021,44.85,90635,2017,2017,45.08,90638
Shan,Intaw,Groundnut,4133,4133,45.49,187993,4199,4199,45.71,191934,3946,3946,45.74,180503,3714,3714,45.21,167897,4829,4839,43.46,218135
Shan,Pinlaung,Groundnut,2301,2301,44.88,103268,2302,2302,44.9,103358,2305,2305,44.9,103506,2220,2220,44.69,99221,2222,2222,42.44,99336
Shan,Naungtayar,Groundnut,2970,2970,42.78,127054,2973,2973,42.54,126480,2929,2929,42.54,124614,2925,2925,42.39,124005,2905,2905,42.7,123295
Shan,Pekon,Groundnut,3322,3322,42.43,140949,3320,3320,42.45,140945,3320,3320,42.45,140950,3320,3320,42.46,140961,3318,3318,42.7,141679
Shan,Loilen,Groundnut,117,117,50.55,5914,117,117,50.55,5914,117,117,50.55,5914,117,117,50.55,5914,107,107,50.55,5914
Shan,Pinlon,Groundnut,62,62,46.24,2867,62,62,46.24,2867,62,62,46.31,2871,62,62,46.34,2873,62,62,45.76,2837
Shan,Laihka,Groundnut,1461,1461,45.41,66339,647,647,44.5,28794,658,658,44.5,29284,658,658,44.51,29288,658,658,44.51,29288
Shan,Namsang,Groundnut,833,833,46.58,38805,836,836,46.55,38919,833,833,46.57,38796,857,857,46.58,39923,857,857,46.58,39923
Shan,Ko Lam,Groundnut,443,443,48.44,21461,443,443,48.41,21447,446,446,48.42,21594,448,448,48.32,21648,448,448,48.33,21650
Shan,Kunhing,Groundnut,1034,1034,55.6,57490,1034,1034,55.73,57621,1049,1049,55.71,58440,1049,1049,62.82,65899,1049,1049,62.84,65924
Shan,Kar Li,Groundnut,1498,1498,55.76,83526,1498,1498,55.95,83816,1482,1482,56.06,83075,1482,1482,59.02,87469,1482,1482,59.1,87585
Shan,Kyethi,Groundnut,3938,3938,49.03,193085,4018,4018,49.04,197045,4168,4168,49.05,204443,4179,4179,49.1,205177,4179,4179,49.1,205177
Shan,Mongnawing,Groundnut,3840,3840,53.05,303712,3790,3790,52.1,197459,3800,3800,52.13,198100,3800,3800,52.2,198360,3800,3800,52.2,198365
Shan,Mong Kung,Groundnut,3080,3080,48.59,149662,3284,3284,48.57,159488,3286,3286,48.54,159500,3286,3286,48.15,158227,3286,3286,48.2,158398
Shan,Mong Hsu,Groundnut,3942,3942,47.55,187442,4022,4022,47.56,191267,4234,4234,47.58,201469,3234,3234,62.3,201470,4232,4232,47.6,201443
Shan,Mongsan,Groundnut,394,394,45.98,18116,394,394,45.98,18116,394,394,46.28,18236,394,394,46.28,18236,394,394,46.38,18274
Shan,Langkho,Groundnut,2085,2085,50.09,104437,2095,1373,49.33,67729,2125,2125,49.71,105628,2130,2130,49.73,105922,2125,2125,49.59,104390
Shan,Homein,Groundnut,104,104,41.93,4361,103,96,39.37,4055,103,96,39.37,4055,103,103,45.3,4666,103,103,45.3,4666
Shan,Mongnai,Groundnut,1100,1100,54.62,60083,1160,1085,51.07,59241,946,1085,62.62,59241,949,949,55.69,52848,805,805,55.73,44863
Shan,Keng Taung,Groundnut,410,410,47.1,19311,410,410,47.27,19381,410,410,47.27,19381,375,375,47.29,17732,267,267,47.31,12632
Shan,Mawkmai,Groundnut,3681,3681,48.16,177274,3695,3475,48.17,167389,3687,3687,48.81,179946,3691,3691,48.86,180340,3683,3683,49.22,181288
Shan,Mongpan,Groundnut,1108,1108,52.6,58284,1094,1094,54.27,59375,1094,1094,54.27,59375,1094,1094,61.37,67141,1094,1094,61.38,67150
Shan,Lashio,Groundnut,2825,2825,62.89,177676,2665,2665,62.82,167408,2783,2783,62.64,174332,388,388,62.75,24347,2395,2395,60.65,145248
Shan,Hseni,Groundnut,110,110,62.69,6896,116,116,62.75,7279,90,90,62.8,5652,,,,,60,60,38.68,2321
Shan,Tangyan,Groundnut,5482,5482,63.18,346353,5242,5242,63.36,332134,5212,5212,63.15,329139,,,,,5245,5245,63.05,330697
Shan,Mongyai,Groundnut,2595,2595,60.5,156998,2610,2610,60.76,158584,2630,2630,60.7,159641,,,,,2137,2137,61.25,130891
Shan,Muse,Groundnut,1954,1954,55.75,108930,1972,1972,56.2,110834,1564,1564,49.18,76919,780,780,66.71,52034,1410,1410,51.15,72119
Shan,Namhkan,Groundnut,916,916,70.03,64151,849,849,71.67,60849,628,628,72.32,45415,210,210,73.85,15508,247,247,71.56,17675
Shan,Kutkai,Groundnut,2418,2418,57.17,138246,2418,2418,57.31,138579,2418,2418,57.33,138622,470,470,68.89,32376,2063,2063,53.29,109940
Shan,Kyaukme,Groundnut,2227,2227,50.42,112284,2332,2332,50.5,117766,2078,2078,50.35,104627,,,,,1798,1798,50.35,90529
Shan,Hsipaw,Groundnut,10511,10511,64.74,680525,10581,10581,64.77,685295,10644,10644,64.35,684981,1047,1047,107,63500,9546,9546,64.4,614753
Shan,Nawnghkio,Groundnut,11190,11190,56.44,631509,11392,11392,56.27,641038,11394,11394,56.34,641996,524,524,51.2,26829,4804,4804,55.74,267793
Shan,Namtu,Groundnut,695,695,52.07,36188,800,800,52.13,41703,780,780,52.4,40869,235,235,55.34,13005,644,644,53.71,34587
Shan,Mongmit,Groundnut,1069,1069,64.55,69001,1073,1073,64.22,68909,1082,1082,69.47,75166,882,882,40.65,35853,950,950,,45513
Shan,Mabein,Groundnut,1587,1587,51.45,81644,1802,1802,63.77,114915,1587,1587,63.1,100137,1542,1542,64,98688,1580,1580,,98496
Shan,Laukkaing,Groundnut,15,15,62,930,15,15,62,930,,,,,,,,,10,10,62.2,622
Shan,Kone Kyann,Groundnut,20,20,61.6,1232,,,,,,,,,,,,,,,,
Shan,Wa,Groundnut,2100,2100,61.54,129232,2100,2100,61.54,129232,821,821,59.62,48949,622,622,59.6,37071,821,821,59.62,48949
Shan,Matman,Groundnut,30,30,42.5,1275,98,98,46.79,4585,95,95,46.93,4458,25,25,42.52,1063,98,98,46.97,4603
Shan,Wa,Groundnut,100,100,48.5,4850,,,,,1279,1279,62.77,80283,988,988,62.46,61706,1279,1279,62.77,80283
Shan,Keng Tung,Groundnut,3689,3689,52.86,195015,3689,3689,52.75,194578,2779,2779,52.02,144563,3266,3266,52.45,171294,3266,3266,52.52,171529
Shan,Mongyang,Groundnut,2619,2619,51.24,134192,2619,2619,51.26,134240,2619,2619,51.26,134250,2620,2620,51.27,134329,2620,2620,51.28,134357
Shan,Mongkhet,Groundnut,2671,2671,50.81,135724,2690,2690,55.29,148724,2690,2690,55.29,148730,2890,2890,55.27,159729,2890,2890,55.28,159767
Shan,Mongla,Groundnut,1225,1225,47.13,57734,1248,1248,47.15,58849,1264,1264,47.19,59649,610,610,54.44,33211,682,682,47.42,32341
Shan,Mongping,Groundnut,705,705,44.28,31217,640,640,47.15,30179,640,640,47.2,30209,1265,1265,47.7,60337,1265,1265,51.41,65032
Shan,Mong Hsat,Groundnut,552,552,45.37,25044,503,503,45.4,22837,503,503,45.39,22832,539,539,45.4,24468,539,539,45.4,24468
Shan,Mongton,Groundnut,647,647,46.72,30225,647,647,46.73,30232,647,647,46.77,30260,647,647,46.32,29968,647,647,46.35,29991
Shan,Tachileik,Groundnut,1783,1783,47.25,84250,1722,1722,46.74,80492,1586,1586,47.22,74886,1571,1571,47.34,74377,1573,1573,47.16,74183
Shan,Monghpyak,Groundnut,907,907,51.85,47025,998,998,58.81,51710,973,973,51.72,50326,973,973,51.53,50139,973,973,51.5,50105
Shan,Mongyawng,Groundnut,4357,4357,52.96,230763,3865,3865,52.73,203794,3865,3865,52.73,203800,4037,4037,52.9,213563,3865,3865,52.91,204489
Shan,Nyaungshwe,Sesame,104,104,7.7,801,104,104,7.8,811,104,104,7.8,811,104,104,7.8,811,104,104,7.8,811
Shan,His Hseng,Sesame,175,175,6.73,1178,175,175,6.75,1181,175,175,6.78,1187,175,175,6.83,1195,175,175,6.81,1192
Shan,Pindaya,Sesame,5,5,5.8,29,3,3,5.67,17,3,3,5.67,17,3,3,5.67,17,3,3,5.67,17
Shan,Ywangan,Sesame,428,428,6.43,2752,428,428,6.43,2750,427,427,6.43,2744,390,390,6.36,2482,277,277,6.49,1799
Shan,Lawksawk,Sesame,140,140,6.35,2752,140,140,6.36,890,140,140,5.3,742,35,35,5.51,193,35,35,5.51,193
Shan,Intaw,Sesame,236,236,6.43,1517,236,236,6.45,1522,223,223,6.45,1438,213,213,7.11,1514,127,127,7.11,903
Shan,Pinlaung,Sesame,20,20,8.85,177,,,,,,,,,,,,,,,,
Shan,Pekon,Sesame,75,75,7.07,530,57,57,7.54,430,70,70,7.66,536,70,70,7.66,536,73,73,7.69,562
Shan,Loilen,Sesame,33,33,8.55,282,33,33,8.55,282,33,33,8.55,282,33,33,8.55,282,4784,4784,9.29,44465
Shan,Laihka,Sesame,375,375,9.1,3411,302,302,8.39,2534,302,302,8.39,2534,302,302,8.38,2530,302,302,8.38,2530
Shan,Namsang,Sesame,1640,1640,8.72,14301,1640,1640,8.7,14268,1644,1644,8.73,14352,1642,1642,8.75,14368,1642,1642,8.75,14368
Shan,Ko Lam,Sesame,968,968,9.56,9254,968,968,9.55,9243,965,965,9.55,9216,962,962,9.56,9201,662,662,9.56,6329
Shan,Kunhing,Sesame,627,627,9.47,5938,627,627,9.48,5947,632,632,9.48,5991,632,632,9.48,5991,632,632,9.56,6042
Shan,Kar Li,Sesame,175,175,10.7,1872,176,176,10.8,1900,194,194,10.85,2105,194,194,10.9,2115,194,194,10.92,2118
Shan,Kyethi,Sesame,171,171,8.55,1462,175,175,8.55,1496,175,175,8.66,1516,177,177,8.7,1540,177,177,8.7,1540
Shan,Mongnawing,Sesame,589,589,9.83,5789,549,549,9.85,5368,535,535,10.07,5388,535,535,10.1,5403,535,535,10.1,5403
Shan,Mong Kung,Sesame,735,735,9.68,7116,543,543,9.57,5198,543,543,9.59,5207,543,543,9.53,5174,543,543,9.57,5197
Shan,Mong Hsu,Sesame,63,63,10.05,633,63,63,10.06,634,106,106,10.15,1076,63,63,10.27,647,64,64,10.25,656
Shan,Langkho,Sesame,11965,11965,8.3,99309,11983,11983,8.2,98260,11985,11985,8.25,98877,11979,11979,8.25,98826,8764,8764,8.25,72303
Shan,Homein,Sesame,25,25,8.4,210,26,26,8.5,221,26,26,8.23,114,26,26,8.31,216,26,26,8,208
Shan,Mongnai,Sesame,202,102,22.18,2262,189,189,11.25,2126,129,129,11.26,1453,129,129,11.28,1455,111,111,11.28,1252
Shan,Keng Taung,Sesame,575,317,19.04,6037,936,936,10.48,9809,917,917,10.69,9805,917,917,10.7,9811,228,228,10.72,2444
Shan,Mawkmai,Sesame,2695,1980,11.09,21964,2695,2695,8.25,22234,2695,2695,8.3,22369,2710,2710,8.37,22683,2701,2701,8.4,22688
Shan,Mongpan,Sesame,1150,1150,9.25,10637,982,982,10.1,9918,982,982,10.11,9928,1032,1032,10.13,10450,1032,1032,10.11,10432
Shan,Lashio,Sesame,97,97,13.27,1287,141,141,13.22,1864,144,144,12.28,1768,92,92,12.14,1117,75,75,12.12,909
Shan,Hseni,Sesame,43,43,10.09,434,38,38,10.11,384,22,22,10.18,224,25,25,10.2,255,21,21,10.19,214
Shan,Mongyai,Sesame,80,80,13.03,1042,45,45,13.04,587,45,45,13.02,586,30,30,13.07,392,32,32,13.06,418
Shan,Kunlong,Sesame,71,71,9.54,677,72,72,9.56,688,71,71,9.58,680,69,69,9.54,658,75,75,9.63,722
Shan,Namhkan,Sesame,60,60,12.98,779,51,51,12.92,659,26,26,12.88,335,56,56,12.89,722,32,32,12.72,407
Shan,Kutkai,Sesame,190,190,12.68,2410,190,190,12.69,2411,190,190,12.68,2410,173,173,12.77,2210,165,165,12.81,2114
Shan,Kyaukme,Sesame,14,14,11.36,159,,,,,136,136,18.23,2479,,,,,,,,
Shan,Hsipaw,Sesame,4826,4826,14.69,70905,4669,4669,14.71,68662,4249,4249,14.72,62559,3115,3115,14.85,46258,3248,3248,14.72,47806
Shan,Nawnghkio,Sesame,57,57,14.11,804,60,60,14.2,852,60,60,14.3,858,60,60,14.3,858,25,25,14.4,360
Shan,Namtu,Sesame,292,292,13.45,3928,290,290,13.51,3981,295,295,13.49,3979,145,145,17.14,2485,315,315,14.73,4639
Shan,Manton,Sesame,48,48,10,480,48,48,7.79,374,48,48,7.79,374,48,48,7.79,374,48,48,14.83,712
Shan,Mongmit,Sesame,759,759,15.14,11495,815,815,15.58,12696,815,815,15.19,12380,8,8,16.38,131,768,616,16.99,10464
Shan,Mabein,Sesame,3222,3222,11.13,35856,,,,,3742,3742,10.69,40005,875,875,5.8,5075,4631,4576,11.62,53173
Shan,Hopang,Sesame,239,239,10.17,2430,236,236,10.17,2400,,,,,212,212,8.21,1740,212,212,8.2,1739
Shan,Wa,Sesame,51,51,8.61,439,53,53,8.49,450,38,38,8.29,315,24,24,8.5,204,39,39,8.31,324
Shan,Matman,Sesame,140,140,9,1260,142,142,8.87,1260,142,142,9,1278,142,142,9,1278,142,142,9,1278
Shan,Wa,Sesame,,,,,,,,,15,15,9,135,,,,,15,15,,135
Shan,Keng Tung,Sesame,614,614,7.91,4860,614,614,7.85,4819,325,325,7.46,2423,212,212,7.41,1571,88,88,7.52,662
Shan,Mongyang,Sesame,653,653,8.89,5806,653,653,8.89,5806,653,653,8.89,5806,635,635,8.89,5806,623,623,8.89,5537
Shan,Mongkhet,Sesame,380,380,8.9,3381,380,380,9.1,3458,380,380,9.1,3458,380,380,10.68,4060,380,380,10.7,4066
Shan,Mongla,Sesame,203,203,7.81,1587,152,152,7.61,1157,102,102,7.54,769,1105,1105,9.65,10658,1105,1105,9.64,10655
Shan,Mongping,Sesame,965,965,9.98,9629,1105,1105,9.94,10983,1105,1105,9.64,10656,,,,,15,15,7.6,114
Shan,Mong Hsat,Sesame,330,330,8,2640,330,330,8,2640,333,333,8,2664,333,333,8.1,2696,333,333,8.1,2696
Shan,Mongton,Sesame,1550,1550,9.99,15489,1552,1552,9.99,15504,1556,1556,9.94,15473,1656,1656,9.96,16502,1659,1659,9.97,16540
Shan,Tachileik,Sesame,136,136,6,816,96,96,5.96,572,98,98,6.06,594,96,96,6.11,587,90,90,6.54,589
Shan,Monghpyak,Sesame,406,406,12.74,5172,406,406,12.74,5172,572,572,12.8,7322,572,572,15.05,8610,572,572,12.81,7329
Shan,Mongyawng,Sesame,1120,1120,8.7,9740,570,570,8.65,4930,570,570,8.68,4946,706,706,9.5,6709,570,570,8.64,4927
Shan,Taunggyi,Sunflower,2526,2526,32.59,82310,2179,2179,32.49,70795,1781,1781,32.56,57982,1682,1682,32.55,54745,1706,1706,32.44,55282
Shan,Kyauktalonegyi,Sunflower,77,77,34.4,2649,105,105,33.93,3563,343,343,33.45,11473,338,338,33.46,11308,286,286,33.45,9566
Shan,Hopong,Sunflower,360,360,31.2,11232,362,362,295.99,107150,263,263,405.84,106736,286,286,29.85,8538,205,205,24.85,5096
Shan,Nyaungshwe,Sunflower,3489,3489,32.81,114488,3489,3489,5.16,17986,3499,3499,32.81,114816,3499,3499,32.81,114816,3499,3499,32.81,114816
Shan,His Hseng,Sunflower,2481,2481,33.22,82415,2472,2472,42.2,104307,2472,2472,41.1,101599,2481,2481,33.51,83131,2472,2472,33.53,82896
Shan,Kalaw,Sunflower,856,856,32.77,28050,859,859,32.7,28090,767,767,32.75,25120,757,757,32.5,24600,760,760,32,24320
Shan,Pindaya,Sunflower,5426,5426,31.96,173424,5427,5427,31.96,173455,5448,5448,31.97,174163,5446,5446,31.98,174171,5333,5333,32.02,170791
Shan,Ywangan,Sunflower,30,30,28.03,841,30,30,28.03,841,30,30,28.03,841,15,15,27,405,15,15,27,405
Shan,Lawksawk,Sunflower,4093,4093,32.42,132678,4093,4093,32.48,132958,4100,4100,32.36,132678,4100,4100,32.13,131725,4089,4089,32.13,131379
Shan,Intaw,Sunflower,236,236,30.15,7116,174,174,30.2,5255,153,153,30.29,4634,163,163,30.18,4920,179,179,29.68,5313
Shan,Pinlaung,Sunflower,967,967,34.25,33122,965,965,35.32,34082,967,967,34.28,33153,837,837,34.48,28860,834,834,34.5,28773
Shan,Naungtayar,Sunflower,232,232,30.96,7182,231,231,30.91,7140,231,231,30.91,7140,223,223,31.01,6916,225,225,30.97,6969
Shan,Pekon,Sunflower,1189,1189,33.07,39326,954,954,34.15,32576,1171,1171,31.24,36580,1171,1171,32.02,37499,1164,1164,32.68,38038
Shan,Loilen,Sunflower,380,380,27.77,10551,380,380,27.77,10551,380,380,27.78,10555,380,380,27.78,10558,380,380,27.78,10558
Shan,Pinlon,Sunflower,568,568,22.33,12682,568,568,22.33,12682,568,568,22.33,12682,568,568,22.34,12687,568,568,22.38,12710
Shan,Laihka,Sunflower,97,97,10.15,985,76,76,11.78,895,76,76,11.78,895,76,76,11.83,899,76,76,11.83,899
Shan,Namsang,Sunflower,329,329,26.48,8712,315,315,26.46,8335,320,320,26.46,8467,316,316,26.42,8349,316,316,26.42,8349
Shan,Ko Lam,Sunflower,125,125,27.6,3450,105,105,27.33,2870,105,105,27.33,2870,105,105,27.33,2870,105,105,27.33,2870
Shan,Kunhing,Sunflower,146,146,31.12,4544,146,146,31.16,4550,146,146,31.16,4550,146,146,31.16,4550,146,146,31.19,4554
Shan,Kar Li,Sunflower,90,90,30.9,2781,90,90,30.94,2785,82,82,31,2542,82,82,31.05,2546,82,82,31.1,2550
Shan,Kyethi,Sunflower,208,208,33.62,6992,108,108,33.72,3642,98,98,33.6,3293,93,93,32.03,2979,93,93,32.03,2979
Shan,Mongnawing,Sunflower,242,242,32.53,7873,236,236,32.41,7649,236,236,32.54,7679,236,236,32.55,7682,236,236,32.55,7682
Shan,Mong Kung,Sunflower,177,177,33.31,5895,165,165,33.34,5501,165,165,33.35,5503,165,165,33.38,5508,165,165,33.41,5513
Shan,Mong Hsu,Sunflower,1502,1502,28.6,42954,1502,1502,28.6,42954,1502,1502,28.64,43014,1502,1502,28.65,43027,1502,1502,28.61,43077
Shan,Langkho,Sunflower,557,557,27.64,15395,560,145,28.5,4132,495,495,27.79,13757,500,500,27.79,13894,505,505,27.79,14032
Shan,Homein,Sunflower,38,38,23.08,877,39,16,22.19,355,39,39,22.67,884,39,39,22.44,875,39,39,25.08,978
Shan,Mongnai,Sunflower,120,120,35.11,4213,113,28,33.79,946,112,112,35.18,3918,115,115,35.21,4049,43,43,34.47,1482
Shan,Keng Taung,Sunflower,40,40,33,1320,42,,,,41,41,33.39,1369,42,42,33.4,1403,38,38,33.39,1269
Shan,Mawkmai,Sunflower,260,260,36.29,9435,260,170,36.26,6164,260,260,36.6,9515,180,180,36.34,6541,140,140,34.6,4844
Shan,Lashio,Sunflower,50,50,30.92,1546,48,48,30.46,1462,48,48,28.54,1370,14,14,34,476,39,39,28.21,1100
Shan,Kunlong,Sunflower,25,25,29.56,739,23,23,29.57,680,19,19,29.58,562,15,15,29.67,445,11,11,29.55,325
Shan,Kyaukme,Sunflower,282,282,29.51,8322,39,39,33,1287,151,151,28.72,4337,51,51,33,1683,150,150,29.08,4362
Shan,Hsipaw,Sunflower,229,229,35.69,8174,219,219,27.5,6023,101,101,35.79,3315,,,,,65,65,35.8,2327
Shan,Nawnghkio,Sunflower,3556,3556,33.98,120834,403,403,40.28,16231,3557,3557,34.18,121566,241,241,83.6,20148,2391,2391,34.46,82388
Shan,Namtu,Sunflower,,,,,3320,3320,33.8,112216,10,10,11.5,115,,,,,,,,
Shan,Namhsan,Sunflower,7,7,24.29,170,7,7,24.29,170,7,7,25,175,7,7,24.29,170,7,7,24.14,169
Shan,Mongmit,Sunflower,36,36,40.5,1458,15,15,33.4,501,15,15,30,450,,,,,,,,
Shan,Mabein,Sunflower,272,272,34,9248,300,300,25,7500,298,298,30.51,9092,298,298,33,9834,167,167,32.5,5428
Shan,Hopang,Sunflower,35,35,25,875,,,,,,,,,,,,,,,,
Shan,Wa,Sunflower,200,200,33.63,6725,200,200,33.63,6725,,,,,,,,,,,,
Shan,Keng Tung,Sunflower,540,540,27.67,14943,540,540,27.59,14899,423,423,28.31,11974,362,362,28.2,10210,170,170,20.35,4820
Shan,Mongyang,Sunflower,553,553,27.41,15158,553,553,27.41,15160,533,533,28.44,15160,585,585,27.4,16029,400,400,27045,12160
Shan,Mongkhet,Sunflower,1267,1267,26.68,33803,1267,1267,26.63,33736,974,974,26.64,25950,774,774,26.65,20627,574,574,27.65,15871
Shan,Mongla,Sunflower,318,318,29.25,9302,318,318,29.28,9311,166,166,29.14,4838,385,385,29.85,11494,,,,
Shan,Mongton,Sunflower,183,183,20.68,3785,183,183,20.73,3794,184,184,20.74,3817,185,185,20.75,3838,142,142,20.72,3771
Shan,Taunggyi,Flower Sesame,4899,4899,8.41,41200,4967,4967,8.48,42120,5107,5107,8.5,43410,5068,5068,8.5,43078,5086,5086,8.5,43231
Shan,Kyauktalonegyi,Flower Sesame,1687,1687,9.67,16313,1486,1486,9.75,14489,1452,1452,9.4,13642,1200,1200,9.42,11304,1208,1208,9.59,11582
Shan,Hopong,Flower Sesame,6980,6980,9.18,64076,6995,6995,9.11,63724,8056,8056,8.82,71054,7992,7992,8.15,65135,7126,7126,7.54,53730
Shan,Nyaungshwe,Flower Sesame,3780,3780,10.37,39199,3778,3778,10.38,39199,3780,3780,10.37,39199,3780,3780,10.37,39199,3780,3780,10.37,39199
Shan,His Hseng,Flower Sesame,10018,10018,9.22,92366,10018,10018,9.23,92466,10023,10023,7.26,72731,10033,10033,7.3,73241,10028,10028,7.32,73405
Shan,Kalaw,Flower Sesame,9200,9200,8.5,78200,9220,9220,8.5,78350,9225,9225,8.52,78600,9228,9228,8.5,78440,9232,9232,8.5,78472
Shan,Pindaya,Flower Sesame,10902,10902,9.75,106294,10981,10981,9.74,106955,10992,10992,9.75,107172,10997,10997,9.73,107001,10997,10997,9.81,107881
Shan,Ywangan,Flower Sesame,5500,5500,9.35,51425,5500,5500,9.35,51425,5500,5500,9.35,51425,4470,4470,9,40230,4160,4160,9,37440
Shan,Lawksawk,Flower Sesame,16960,16960,9.05,153488,16960,16960,9.05,153488,17000,17000,9.03,153480,18000,18000,10.15,182700,18004,18004,10,182561
Shan,Intaw,Flower Sesame,2652,2652,9.18,24345,2650,2650,9.17,24301,2648,2648,9.17,24282,2266,2266,9.17,20779,1751,1751,9.18,16074
Shan,Pinlaung,Flower Sesame,2488,2488,9.32,23188,2488,2488,9.32,23188,2300,2300,9.3,21390,2300,2300,9.3,21390,2300,2300,9.35,21505
Shan,Naungtayar,Flower Sesame,3650,3650,9.1,33125,3685,3685,9.12,33607,3685,3685,9.12,33607,3680,3680,9.1,33488,3682,3682,9.15,33690
Shan,Pekon,Flower Sesame,3455,3455,9.31,32163,3455,3455,9.31,32160,3455,3455,9.31,32166,3455,3455,9.35,32304,3468,3468,9.07,32551
Shan,Loilen,Flower Sesame,1524,1524,8.7,13258,1524,1524,8.7,13258,1524,1524,8.7,13258,1524,1524,8.7,13258,1524,1524,8.7,13258
Shan,Pinlon,Flower Sesame,890,890,8.25,7343,890,890,8.25,7343,890,890,8.25,7343,890,890,8.25,7343,890,890,8.27,7363
Shan,Laihka,Flower Sesame,3690,3690,9.28,34228,3690,3690,9.28,34228,3690,3690,9.28,34228,3690,3690,9.28,34228,3690,3690,9.28,34230
Shan,Namsang,Flower Sesame,8014,8014,9.05,72527,8030,8030,9.04,72591,8035,8035,9.07,72877,8230,8230,8.82,72601,8230,8230,9.06,74601
Shan,Ko Lam,Flower Sesame,3130,3130,8.67,27137,3130,3130,8.67,27142,3130,3130,8.67,27137,3130,3130,8.67,27126,3130,3130,8.67,27125
Shan,Kunhing,Flower Sesame,432,432,9.75,4212,432,432,9.75,4212,432,432,9.75,4212,432,432,9.75,4212,432,432,9.8,4234
Shan,Kar Li,Flower Sesame,310,310,9.5,2945,310,310,9.6,2976,310,310,9.7,3007,310,310,9.8,3038,310,310,9.85,3054
Shan,Kyethi,Flower Sesame,2385,2385,9.5,22658,2500,2500,9.5,23750,2500,2500,9.5,23750,2500,2500,9.5,23750,2500,2500,9.5,23750
Shan,Mongnawing,Flower Sesame,4038,4038,8.45,34121,4013,4013,8.46,33949,4013,4013,8.46,33949,4013,4013,8.46,33949,4013,4013,8.46,33949
Shan,Mong Kung,Flower Sesame,5913,5913,9.05,53513,5913,5913,9.1,53808,5919,5919,9.11,53922,5934,5934,8.58,50923,5934,5934,8.78,52100
Shan,Mong Hsu,Flower Sesame,1720,1720,8.87,15256,1720,1720,8.87,15256,1720,1720,8.87,15256,1720,1720,8.87,15262,1720,1720,8.88,15272
Shan,Langkho,Flower Sesame,1040,1040,6.85,7124,1040,1040,6.85,7124,1045,1045,6.85,7158,1045,1045,6.85,7158,1045,1045,6.85,7159
Shan,Homein,Flower Sesame,35,35,7.31,256,42,42,6.71,282,42,42,6.71,282,51,51,6.78,346,51,51,6.78,321
Shan,Mongnai,Flower Sesame,2935,2935,9.55,28029,2729,2729,9.6,26200,2833,2833,9.37,26550,1842,1842,14.66,26999,3244,3244,9.5,30272
Shan,Keng Taung,Flower Sesame,290,290,7,2030,284,284,7.06,2005,293,293,7.13,2089,3423,3423,0.71,2442,376,376,7.16,43
Shan,Mawkmai,Flower Sesame,4858,4858,8.75,42508,4954,4954,8.95,44338,4954,4954,8.98,44487,4954,4954,8.9,44091,4938,4938,8.76,4325
Shan,Mongpan,Flower Sesame,906,906,9,8154,906,906,9,8154,906,906,9,8154,906,906,8.83,8000,906,906,8.87,82
Shan,Lashio,Flower Sesame,11893,11893,12.29,146165,11925,11925,12.28,146439,10955,10955,12.33,135075,11865,11865,11.98,142143,,,,
Shan,Hseni,Flower Sesame,1853,1853,12.7,23533,921,921,12.82,11807,882,882,12.82,11307,505,505,12.85,6489,,,,
Shan,Tangyan,Flower Sesame,4427,4427,10.68,47280,4412,4412,10.76,47473,4427,4427,10.68,47272,4675,4675,10.57,49415,,,,
Shan,Mongyai,Flower Sesame,2870,2870,12.85,36880,2950,2950,12.9,38055,2980,2980,12.55,37397,2580,2580,12.5,32250,,,,
Shan,Kunlong,Flower Sesame,238,238,13.77,3277,239,239,13.79,3296,241,241,13.81,3328,245,245,13.74,3366,,,,
Shan,Muse,Flower Sesame,548,548,11.35,6222,548,548,11.67,6397,546,546,11.75,6413,550,550,11.76,6470,,,,
Shan,Namhkan,Flower Sesame,230,230,10.25,2358,242,242,10.29,2490,232,232,11.1,2575,185,185,10.25,1896,,,,
Shan,Kutkai,Flower Sesame,2355,2355,12.14,28589,2355,2355,12.17,28650,2355,2355,12.22,28768,2355,2355,12.34,29062,,,,
Shan,Kyaukme,Flower Sesame,10914,10914,12.25,133698,11662,11662,12.3,143446,10422,10422,11.75,122486,10412,10412,12.15,126522,,,,
Shan,Hsipaw,Flower Sesame,10717,10717,11.8,126461,10717,10717,11.8,126461,10717,10717,11.45,122710,10720,10720,11.45,122744,,,,
Shan,Nawnghkio,Flower Sesame,24602,24602,11.5,282923,24651,24651,11.5,283487,24602,24602,11.6,285383,24602,24602,11.6,285383,,,,
Shan,Namtu,Flower Sesame,3950,3950,10.8,42660,3950,3950,10.82,42739,3950,3950,10.85,42858,3950,3950,11.14,44000,,,,
Shan,Namhsan,Flower Sesame,23,23,11.52,265,24,24,11.5,276,24,24,11.75,282,24,24,10.5,252,,,,
Shan,Manton,Flower Sesame,1950,1950,9,17550,1950,1950,9.1,17750,1595,1595,8,12760,1595,1595,8,12760,,,,
Shan,Laukkaing,Flower Sesame,132,53,9.38,497,133,133,10.3,1370,88,88,10.31,907,119,119,11.05,1315,,,,
Shan,Kone Kyann,Flower Sesame,77,16,10.31,165,77,77,10.39,800,55,55,10.55,580,70,70,11.26,788,,,,
Shan,Hopang,Flower Sesame,886,886,11.77,10424,881,881,11.79,10389,865,865,11.7,10119,869,869,11.67,10143,,,,
Shan,Wa,Flower Sesame,3324,3324,8.08,26843,3319,3319,11.92,39557,1228,1228,13.18,16187,1234,1234,13.16,16241,,,,
Shan,Keng Tung,Flower Sesame,772,772,7.76,5994,772,772,7.7,5944,772,772,7.72,5960,772,772,7.73,5967,772,772,7.74,5975
Shan,Mongyang,Flower Sesame,615,615,7.13,4388,615,615,7.13,4388,615,615,7.14,4392,615,615,7.16,4403,615,615,7.18,4413
Shan,Mongkhet,Flower Sesame,735,735,6.98,5130,735,735,6.85,5035,735,735,6.85,5037,735,735,6.86,5042,735,735,6.86,5042
Shan,Mongton,Flower Sesame,264,264,8.12,2144,287,287,7.87,2260,287,287,7.89,2338,287,287,8.15,2339,207,207,8.16,2342
Shan,Taunggyi,Mustard,75,75,9.37,703,64,64,9.17,587,77,77,9.17,706,68,68,9.18,624,68,68,9,624
Shan,Kyauktalonegyi,Mustard,50,50,7.3,365,49,49,3.24,159,50,50,8.16,408,42,42,8.17,343,45,45,8,368
Shan,Hopong,Mustard,58,58,9.21,534,61,61,9.11,556,33,33,8.76,289,33,33,8.48,280,45,45,8,267
Shan,Nyaungshwe,Mustard,101,101,12.35,1247,101,101,12.35,1247,101,101,12.35,1247,101,101,12.35,1247,101,101,12.35,1247
Shan,His Hseng,Mustard,110,110,11.51,1266,113,113,11.53,1303,114,114,11.45,1305,114,114,11.57,1419,114,114,11.59,1321
Shan,Pindaya,Mustard,405,405,10.25,4151,470,470,10.26,4822,472,472,10.29,4857,481,481,10.31,4959,481,481,10.33,4969
Shan,Lawksawk,Mustard,680,680,12.4,8432,680,680,12.4,8432,650,650,12.97,8432,650,650,12.99,8444,644,644,12.93,8327
Shan,Naungtayar,Mustard,67,67,9.63,645,67,67,9.66,647,67,67,9.66,647,67,67,6.55,439,65,65,7,435
Shan,Pekon,Mustard,50,50,7.14,357,50,50,7.14,357,41,41,7.15,293,41,41,7.93,325,40,40,6.98,279
Shan,Laihka,Mustard,266,266,8.82,2346,266,266,8.82,2346,266,266,8.82,2346,266,266,8.82,2346,270,270,8.86,2392
Shan,Namsang,Mustard,435,435,7.08,3080,433,433,7.04,3048,433,433,7.05,3053,233,233,7.05,1643,233,233,7.05,1643
Shan,Ko Lam,Mustard,146,146,8.26,1206,146,146,8.23,1201,146,146,8.14,1189,146,146,8.14,1189,146,146,8.14,1189
Shan,Kunhing,Mustard,106,106,9.71,1029,106,106,9.73,1031,107,107,9.73,1041,107,107,9.79,1048,107,107,98,1049
Shan,Kar Li,Mustard,78,78,9.81,765,78,78,9.9,772,78,78,9.95,776,78,78,9.97,778,78,78,10,780
Shan,Kyethi,Mustard,103,103,10.24,1055,103,103,10.24,1055,103,103,10.24,1055,103,103,10.24,1055,103,103,10.24,1055
Shan,Mongnawing,Mustard,105,105,9.1,955,115,115,11.23,1291,115,115,11.23,1291,115,115,11.23,1291,115,115,11.23,1291
Shan,Mong Kung,Mustard,115,115,9.9,1139,115,115,9.94,1143,115,115,9.95,1144,115,115,9.2,1058,115,115,9.23,1061
Shan,Mong Hsu,Mustard,113,113,9.62,1087,113,113,9.62,1087,113,113,9.6,1087,,,,,,,,
Shan,Langkho,Mustard,295,295,6.9,2035,,,,,85,85,6.98,586,65,65,6.89,48,75,75,8.75,506
Shan,Mongnai,Mustard,86,86,7.95,684,,,,,65,65,8.26,537,67,67,8.3,556,67,67,8.31,557
Shan,Keng Taung,Mustard,30,30,6.77,203,,,,,32,32,6.78,217,32,32,6.84,219,35,35,6.86,240
Shan,Mawkmai,Mustard,110,110,8.75,963,,,,,110,110,8.98,988,110,110,8.72,959,110,110,8.68,955
Shan,Mongpan,Mustard,132,132,8,1056,132,132,8,1056,132,132,8,1056,141,141,10.68,1506,141,141,10.82,1525
Shan,Lashio,Mustard,194,194,8.14,1579,192,192,8.13,1561,190,190,8.12,1542,135,135,8.22,1110,,,,
Shan,Tangyan,Mustard,58,58,8.21,476,62,62,8.19,508,65,65,8.15,530,65,65,8.2,533,,,,
Shan,Kunlong,Mustard,275,275,9.87,2714,277,277,9.88,2737,282,282,9.87,2783,285,285,9.72,2770,,,,
Shan,Muse,Mustard,2301,2301,10.58,24355,2451,2451,10.61,26010,2363,2363,10.5,24820,2304,2304,10.82,24918,,,,
Shan,Namhkan,Mustard,2115,2115,11.17,23624,2011,2011,11.1,22322,1958,1958,11.15,21832,1275,1275,11.45,14598,,,,
Shan,Kutkai,Mustard,190,190,10.78,2048,190,190,10.8,2052,190,190,10.81,2054,190,190,10.82,2056,,,,
Shan,Kyaukme,Mustard,423,423,11.06,4677,839,839,13.01,10917,410,410,12.91,5294,410,410,12.92,5299,,,,
Shan,Hsipaw,Mustard,35,35,10.26,359,15,15,10.27,154,15,15,10.27,154,13,13,10.31,134,,,,
Shan,Nawnghkio,Mustard,2060,2060,9.5,19570,2118,2118,10.5,22239,2160,2160,9.8,21168,2155,2155,9.82,2168,,,,
Shan,Namtu,Mustard,335,335,10.55,3534,335,335,10.75,3601,335,335,10.82,3625,335,335,11.94,4000,,,,
Shan,Manton,Mustard,1890,1890,8.5,16065,1890,1890,8.5,16065,1510,1510,8,12080,1510,1510,8,12080,,,,
Shan,Mongmit,Mustard,565,565,9.22,5209,567,567,9.22,5227,567,567,15.6,8845,650,650,15.3,9945,,,,
Shan,Mabein,Mustard,920,920,8.3,7636,920,920,8,7360,930,930,8.35,7766,930,930,10,9300,,,,
Shan,Laukkaing,Mustard,,,,,614,614,9.09,5582,704,704,9.11,6413,767,767,9.24,7085,,,,
Shan,Kone Kyann,Mustard,,,,,365,365,10.64,3884,300,300,10.59,3177,290,290,10.59,3070,,,,
Shan,Hopang,Mustard,582,582,10.65,6198,584,584,10.67,6229,584,584,10.65,6222,586,586,10.67,6254,,,,
Shan,Wa,Mustard,162,162,8.25,1336,167,167,8.25,1378,165,165,8.25,1361,167,167,8.28,1383,,,,
Shan,Mongyang,Mustard,158,158,7.85,1241,158,158,7.85,1241,158,158,7.85,1241,158,158,7.85,1241,158,158,7.86,1242
Shan,Taunggyi,Cabbage,512,512,7.7,3942,447,447,7.73,3455,374,374,7.7,2880,399,399,7.7,3072,,,,
Shan,Hopong,Cabbage,46,46,7.33,337,38,38,7.34,279,,,,,,,,,,,,
Shan,Nyaungshwe,Cabbage,5,5,8,40,5,5,8.2,41,5,5,8.2,41,5,5,8.2,41,,,,
Shan,Kalaw,Cabbage,950,950,6.3,5985,950,950,6.33,6010,952,952,6.35,6045,962,962,6.4,6160,,,,
Shan,Pindaya,Cabbage,798,798,3.79,3024,787,787,3.8,2991,805,805,3.85,3099,817,817,3.87,3162,,,,
Shan,Ywangan,Cabbage,640,640,9.55,6112,635,635,9.55,6064,640,640,9.55,6112,632,632,9.25,5846,,,,
Shan,Pinlaung,Cabbage,136,136,10.19,1386,136,136,10.19,1386,118,118,10.21,1205,118,118,10.21,1205,,,,
Shan,Naungtayar,Cabbage,477,477,9.77,4660,475,475,9.75,4631,475,475,9.75,4631,473,473,9.75,4612,,,,
Shan,Pekon,Cabbage,14,14,7.29,102,14,14,7.29,102,12,12,7.25,87,12,12,7.33,88,,,,
Shan,Namhkan,Cabbage,,,,,,,,,4,4,9.75,39,,,,,,,,
Shan,Kutkai,Cabbage,150,150,9.72,1458,150,150,9.75,1462,150,150,9.77,1465,150,150,9.77,1465,,,,
Shan,Kyaukme,Cabbage,38,38,11.16,424,36,36,11.25,405,38,38,11.5,437,49,49,11.24,551,,,,
Shan,Nawnghkio,Cabbage,1971,1971,8.5,16754,1971,1971,9.25,18232,1971,1971,8.5,16745,1971,1971,8.5,16745,,,,
Shan,Manton,Cabbage,40,40,9,360,40,40,9,360,20,20,8.5,170,20,20,8.5,170,,,,
Shan,Laukkaing,Cabbage,,,,,30,30,8.33,250,30,30,8.3,249,30,30,8.4,252,,,,
Shan,Taunggyi,Summer Paddy,279,279,94.89,26473,279,279,95.46,26633,279,279,95.64,26683,279,279,95.59,26671,,,,
Shan,kyauktalonegyi,Summer Paddy,1503,1503,84.9,127605,1503,1503,84.94,127672,1503,1503,84.97,127704,1503,1503,84.99,127740,,,,
Shan,Hopong,Summer Paddy,1241,1241,81.98,101736,1241,1241,82.13,101923,1230,1230,83.05,102153,1200,1200,84.17,101004,,,,
Shan,Nyaungshwe,Summer Paddy,12760,12760,111.48,1422438,12760,12695,117.58,1492662,13627,13627,100.13,1364538,13627,13627,98.34,1340116,,,,
Shan,His Hseng,Summer Paddy,2350,2350,74.33,174667,2350,2350,74.42,174894,2350,2350,74.51,175093,2350,2350,74.52,175117,,,,
Shan,Pindaya,Summer Paddy,490,490,137.49,67372,490,490,135.3,66299,443,443,132.7,58786,443,443,110.75,49062,,,,
Shan,Ywangan,Summer Paddy,150,150,94.18,14127,30,30,87.1,2613,30,30,85.07,2552,20,20,83.7,1674,,,,
Shan,Lawksawk,Summer Paddy,25,25,104.08,2602,27,27,101.59,2743,28,28,85.36,2390,28,28,85.36,2390,,,,
Shan,Pinlaung,Summer Paddy,53,53,126.45,6702,57,57,126.79,7227,55,55,126.8,6974,52,52,126.37,6571,,,,
Shan,Pekon,Summer Paddy,654,654,105.54,69022,750,750,105.16,78871,750,750,105.18,78886,724,724,106.06,76787,,,,
Shan,Laihka,Summer Paddy,,,,,15,15,170.27,2554,,,,,,,,,,,,
Shan,Kyethi,Summer Paddy,,,,,8,8,84,672,,,,,,,,,,,,
Shan,Mong Hsu,Summer Paddy,,,,,5,5,72,360,,,,,,,,,,,,
Shan,Langkho,Summer Paddy,665,665,70.75,47048,665,665,70.75,47052,665,665,70.93,47168,411,411,70.8,29099,,,,
Shan,Mawkmai,Summer Paddy,110,110,67.95,7475,136,136,68.24,9281,136,136,68.25,9282,136,136,68.31,9290,,,,
Shan,Lashio,Summer Paddy,31,31,135.94,4214,20,20,108.85,2177,33,33,100.06,3302,19,19,93.11,1769,,,,
Shan,Hseni,Summer Paddy,498,498,123.96,61732,422,422,122.62,51746,549,549,123.07,67565,714,714,120.92,86339,,,,
Shan,Mongyai,Summer Paddy,160,160,121.25,19400,197,195.5,72.82,14236,169,169,86.54,14625,126,126,86.93,10953,,,,
Shan,Kunlong,Summer Paddy,,,,,2,2,140.5,281,,,,,,,,,,,,
Shan,Muse,Summer Paddy,650,650,173.7,112905,650,650,174.35,113328,650,650,174.5,113425,645,645,174.24,112382,,,,
Shan,Namhkan,Summer Paddy,4753,4753,160.54,763041,4502,4502,157.83,710539,4305,4305,156.09,671964,3056,3056,156.66,478751,,,,
Shan,Kyaukme,Summer Paddy,287,287,155.23,44551,294,294,150.04,44111,291,291,156.75,45615,291,291,164.41,47843,,,,
Shan,Hsipaw,Summer Paddy,12,12,133.5,1602,19,19,133.42,2535,34,34,121.65,4236,11,11,113.09,1244,,,,
Shan,Nawnghkio,Summer Paddy,52,52,140.1,7285,52,52,124.31,6464,52,52,124.5,6474,48,48,110.25,5292,,,,
Shan,Mongmit,Summer Paddy,314,314,128.93,40483,398,398,123.58,49185,201,201,122.75,24673,967,967,124.87,120751,,,,
Shan,Mabein,Summer Paddy,260,260,99.4,25845,260,260,101.82,26472,260,260,102.28,26592,607,607,108.35,65768,,,,
Shan,Keng Tung,Summer Paddy,8884,8884,80.52,715334,8877,8877,80.05,710604,6810,6810,79.6,542076,6580,6580,79.96,526129,,,,
Shan,Mongyang,Summer Paddy,2014,2014,89.45,180151,2014,2014,89.42,180096,2015,2015,89.49,180318,2014,2014,89.9,181057,,,,
Shan,Mongkhet,Summer Paddy,385,385,94.76,36483,370,370,95.03,35162,370,370,95.27,35251,120,120,92.81,11137,,,,
Shan,Mongping,Summer Paddy,7,7,70.71,495,3,3,70.67,212,3,3,70.67,212,,,,,,,,
Shan,Mong Hsat,Summer Paddy,1650,1650,82.92,136812,1530,1530,82.33,125965,1537,1537,82.44,126710,1538,1538,82.81,127360,,,,
Shan,Mongton,Summer Paddy,350,350,72.67,25434,350,350,76.99,26947,73,73,77.48,5656,9,9,73.89,665,,,,
Shan,Tachileik,Summer Paddy,455,455,97.67,44440,466,466,88.69,41328,527,527,86.51,45590,297,297,84.99,25241,,,,
Shan,Monghpyak,Summer Paddy,101,101,109.66,11076,101,101,108.06,10914,101,101,102.25,10327,80,80,106.61,8529,,,,
Shan,Mongyawng,Summer Paddy,68,68,108.57,7383,68,68,116.65,7932,68,68,115.91,7882,68,68,119.37,8117,,,,
Shan,Taunggyi,Rain Paddy,20925,20925,80.05,1675015,20516,20516,80.54,1652420,19249,19249,82.88,1595308,19514,19514,84.44,1647695,19526,19526,84.48,1649644
Shan,kyauktalonegyi,Rain Paddy,13508,13508,71.73,968929,13411,13411,72.15,967573,13427,13427,72.19,969322,13507,13507,73.5,992765,13601,13601,73.56,1000512
Shan,Hopong,Rain Paddy,28070,28070,69.16,1941321,27387,27387,69.65,190754,24230,24230,66.5,1611353,24339,24339,66.29,1613429,23105,23105,58.57,1353313
Shan,Nyaungshwe,Rain Paddy,16551,16551,78.79,1304093,16551,16551,80.22,1327647,16551,16547,81.91,1355367,16551,16551,81.65,1351389,16551,16488,76.98,1269191
Shan,His Hseng,Rain Paddy,44929,44929,71.26,3201565,99427,99427,71.14,3196441,44928,44928,70.55,3169559,44929,44929,70.41,3163574,44929,44928,70.42,3163948
Shan,Kalaw,Rain Paddy,34581,34581,62.02,2144713,34283,34283,60.91,2088091,34248,34248,57.28,1971717,34147,34147,57.5,1963452,33911,33911,57.79,1959549
Shan,Pindaya,Rain Paddy,26479,26479,62.45,1653675,26722,26722,62.57,1671878,25516,25516,63.39,1617367,25568,25568,62.41,1595699,25148,25148,63.79,1604190
Shan,Ywangan,Rain Paddy,22863,22863,54.74,1251564,22818,22818,54.58,1244290,21218,21218,56.48,1198431,20426,20426,55.93,1144349,18327,18327,55.96,1025667
Shan,Lawksawk,Rain Paddy,24443,24443,68.93,1684964,22360,22360,69.81,1561017,23650,23650,69.9,1653135,23653,23653,70.48,1667175,23651,23651,70.48,1667175
Shan,Intaw,Rain Paddy,11681,11681,52.94,618374,12008,12008,52.6,631621,11787,11787,52.9,623494,11736,11736,52.91,620919,10821,10821,53.24,576118
Shan,Pinlaung,Rain Paddy,15683,15683,67.17,1053359,15690,15690,67.09,1052706,15689,15671,67.09,1051427,15216,15216,67.08,1020759,15222,15222,67.11,1021515
Shan,Naungtayar,Rain Paddy,19040,19040,60.9,1159550,18995,18995,60.68,1152620,18769,18769,60.74,1143708,18719,18719,61.47,1150735,18619,18619,61.36,1142456
Shan,Pekon,Rain Paddy,26456,26456,67.87,1795584,25827,25827,67.43,1741632,26456,26456,67.31,1780769,26456,26456,67.42,1783684,26456,26456,68.15,1802919
Shan,Loilen,Rain Paddy,5142,5142,73.44,377647,5142,5142,73.45,377676,5105,5105,73.49,375175,5105,5105,73.52,375298,5105,5065,77.13,390664
Shan,Pinlon,Rain Paddy,12324,12324,73.92,910982,12324,12324,73.92,910982,12317,12317,73.95,910782,12317,12317,73.96,910933,12317,12317,74.01,911624
Shan,Laihka,Rain Paddy,35669,35669,62.07,2249696,35669,35669,63.07,2249696,35669,35669,63.42,2262229,35613,35613,63.3,2254375,35613,35578,62.1,2209300
Shan,Namsang,Rain Paddy,28200,28200,59.66,1682439,28020,28020,59.74,1673933,26748,26748,60.09,1607397,22758,22758,61.49,1399480,22768,22768,61.47,1399480
Shan,Ko Lam,Rain Paddy,12494,12494,60.69,758232,12494,12494,60.65,757823,12494,12494,60.65,757781,12494,12494,60.65,757762,12494,12494,60.65,757763
Shan,Kunhing,Rain Paddy,10753,10753,64.67,695346,10773,10773,64.67,696725,10804,10804,64.65,698479,10804,10804,63.44,68446,10804,10804,63.46,685585
Shan,Kar Li,Rain Paddy,10347,10347,61.87,640178,10340,10340,61.97,640724,10526,10526,62.62,659170,10712,10712,62.63,670892,10712,10712,62.74,672088
Shan,Kyethi,Rain Paddy,23130,23130,65.72,1520058,23133,23133,65.74,1520726,23133,23133,65.99,1526656,23130,23130,64.57,1493604,23130,23129,65.08,1505290
Shan,Mongnawing,Rain Paddy,14900,14900,64.9,967058,149000,149000,64.95,967753,14900,14900,64.98,968157,14900,14900,64.99,968287,14900,14900,64.92,967378
Shan,Mong Kung,Rain Paddy,40571,40571,68.63,2784388,40579,40579,68.69,2787382,40579,40579,68.72,2788589,40579,40579,69.2,2808067,40579,40579,69.8,2832414
Shan,Mong Hsu,Rain Paddy,18051,18051,63.1,1139006,18051,18051,61.08,1102519,18051,18051,61.13,1103419,18151,18151,56.93,1033344,18151,18151,57.68,1046863
Shan,Mongsan,Rain Paddy,4277,4277,59.08,252689,4277,4277,56.62,242173,4277,4277,56.81,242973,4428,4428,52.17,231002,4655,4655,52.66,245131
Shan,Langkho,Rain Paddy,7425,7425,70.35,522315,7425,7425,70.35,522348,7429,7429,70.36,522735,7429,7429,70.36,522734,7429,7429,70.35,522630
Shan,Homein,Rain Paddy,1489,1489,62.61,93232,1489,1489,62.72,93385,1489,1489,62.73,93406,1489,1489,62.76,93450,1489,1489,62.76,93450
Shan,Mongnai,Rain Paddy,16238,16238,72.24,1172997,14404,14404,72.99,1051295,14500,14500,73.06,1059407,14034,14034,73.75,1034968,13786,13786,73.6,1014686
Shan,Keng Taung,Rain Paddy,4849,4849,67.6,327807,4849,4849,67.58,327695,4858,4858,67.59,328355,4697,4697,67.58,317400,4392,4392,67.34,295760
Shan,Mawkmai,Rain Paddy,14794,14794,64.92,960430,14794,14794,65.16,963953,14794,14794,65.16,963983,14794,14794,65.33,966451,14794,14794,65.63,970867
Shan,Mongpan,Rain Paddy,6693,6693,84.67,566716,6693,6693,84.72,567031,6695,6695,84.1,563078,6695,6695,83.88,561544,6733,6656,78.42,521989
Shan,Lashio,Rain Paddy,37703,37703,92.73,3496333,37699,37699,92.31,3479991,37699,37699,88.61,3340613,37127,37116,86.92,3226245,36762,36185,84.07,3042195
Shan,Hseni,Rain Paddy,16737,16737,120.57,2018052,16790,16790,121.13,2033823,16422,16411,121.49,1993772,16419,16378,120.12,1967268,16251,16027,117.31,1880128
Shan,Tangyan,Rain Paddy,41589,41589,67.73,2816964,41589,41589,66.66,2772458,41589,41589,68.12,2833049,41589,41589,68.15,2834261,41589,41589,68.28,2839503
Shan,Mongyai,Rain Paddy,19492,19492,91.44,1782338,19532,19532,91.78,1792631,19577,19577,91.74,1796077,19603,19603,91.63,1796125,18310,18310,90.43,1655773
Shan,Kunlong,Rain Paddy,15380,15233,74.31,11?1`???,15380,15380,76.94,1183276,15306,15241,76.22,1161671,13062,12901,75.34,972024,13209,13209,75.83,1001668
Shan,Muse,Rain Paddy,19962,19166,137.67,2638659,18073,18056,142.38,2570824,18032,17765,142.69,2534917,17878,17878,42.75,2552054,17798,17798,143.63,2556407
Shan,Namhkan,Rain Paddy,13132,13109,136.69,1791912,12749,12748,136.38,1738571,12324,12159,135.53,1647879,12573,12555,132.9,1668534,12389,12364,133.67,1652680
Shan,Kutkai,Rain Paddy,37549,37406,100.99,3777764,37221,37221,101.09,3762561,37221,37221,101.11,3763283,37234,37228,100.07,3725385,37585,37500,95.86,3594833
Shan,Kyaukme,Rain Paddy,29622,29622,93.25,2762356,29106,28904,93.11,2691338,28974,28974,96.8,2804544,28796,28796,96.22,2782175,28527,28527,97.12,2770422
Shan,Hsipaw,Rain Paddy,47431,47431,87.4,4145614,47506,47506,87.65,4163901,47072,47072,72.14,3395917,47172,47172,72.15,3403460,47189,47114,72.21,3402133
Shan,Nawnghkio,Rain Paddy,25160,25160,97.01,2440821,25160,25160,97.38,2450081,25147,25147,89.36,247023,24575,24575,90.23,2217302,24575,24575,87.36,2146753
Shan,Namtu,Rain Paddy,7353,7353,105.1,772764,7353,7353,105.15,773169,7353,7353,105.25,773903,6649,6649,112.12,745461,6657,6657,113.38,754797
Shan,Namhsan,Rain Paddy,2077,2077,87.04,180783,2075,2064,86.92,179397,2064,2064,86.88,179320,2064,2064,86.94,179434,2064,2064,82.54,170354
Shan,Monton,Rain Paddy,8712,8712,70.74,616287,8712,8712,71.09,619360,8588,8588,70.58,606139,8656,8656,70.8,612859,8656,8643,70.76,611606
Shan,Mongmit,Rain Paddy,15670,15670,112.71,1766210,15670,15136,106.29,1608824,15690,14566,120.3,1752288,15943,15652,112.45,1916587,15970,15890,124.35,1975874
Shan,Mabein,Rain Paddy,12340,12294,82.27,1011460,12340,12340,81.98,1011633,12497,12497,81.79,1022091,12566,12098,84.65,1024077,21722,21713,79.09,1717251
Shan,Laukkaing,Rain Paddy,8321,8321,88.62,737398,5598,5598,92.72,519025,7414,7414,92.2,683579,7263,7263,92.2,669658,6980,6980,93.05,649501
Shan,Kone Kyann,Rain Paddy,6390,6390,90.75,579891,2885,2885,90.41,260832,4050,4050,91.02,368644,4050,4050,91.16,36178,4050,4050,91.03,368678
Shan,Hopang,Rain Paddy,13018,13004,82.88,1077743,12573,12573,83.39,1048438,12333,12293,72.98,897188,12333,12333,73.15,902219,12333,12333,73.37,904857
Shan,Wa,Rain Paddy,59362,59362,64.07,3803563,59377,59377,64.37,3821837,22807,22807,66.11,1507668,22807,22807,65.96,1504289,22807,22807,65.96,1504289
Shan,Matman,Rain Paddy,9660,9660,59.8,577668,9660,9657,60.25,581814,9660,9660,61.07,589912,9660,9660,61.33,592486,9660,9660,61.33,592486
Shan,Wa,Rain Paddy,,,,,,,,,36555,36555,56.21,2054924,3655,3655,56.2,2054924,36555,36555,56.21,2054924
Shan,Keng Tung,Rain Paddy,46226,46225,83.93,3879891,46387,46387,83.89,3891236,42311,42271,87.65,3704911,42387,42387,87.7,3717340,42789,42789,87.72,3753379
Shan,Mongyang,Rain Paddy,39550,39550,75.88,3000954,39550,39550,75.89,3001574,19390,19390,92.21,1787989,19390,19390,92.42,1791996,19390,19390,92.42,1792019
Shan,Mongkhet,Rain Paddy,22880,22880,76.12,1741571,22880,22852,76.15,1740165,12659,12659,88.29,1117642,12659,12659,87.54,1108154,12659,12659,87.69,1110029
Shan,Mongla,Rain Paddy,11020,11020,83.2,916902,11020,11020,87.03,959092,7377,7376,76.6,565028,8058,8058,91.98,741161,7519,7492,96.77,72.4989
Shan,Mongping,Rain Paddy,20559,20526,71.98,1477361,22568,22517,69.89,1573676,8058,8058,97,781610,7377,7377,84.47,623104,8058,8058,92.02,741489
Shan,Mong Hsat,Rain Paddy,42677,42670,72.52,3094387,42686,42686,72.65,3101138,15401,15401,87.25,1343799,15401,15401,89.21,1374000,15591,15579,89.1,1388094
Shan,Mong Ton,Rain Paddy,25530,25530,71.88,1835163,25534,25532,72.46,1850159,7198,7183,89.57,643360,7198,7198,89.67,645461,7198,7108,89.72,637729
Shan,Tachileik,Rain Paddy,29656,29642,79.4,2353475,29268,28119,79.52,2236030,23224,23224,85.67,1989651,23293,23293,85.34,1987660,23249,23249,84.67,1968587
Shan,Monghpyak,Rain Paddy,1661`9,1??1`?,77.35,1285548,16619,16605,78.37,1301307,9374,9374,93.48,876293,9449,9405,93.35,877978,9449,9449,92.91,877879
Shan,Mongyawng,Rain Paddy,42880,42880,81.57,3497600,42910,42892,80.02,3432393,17502,17502,99.81,1746930,17502,17502,100.15,1752783,17502,17502,92.89,1625743
Shan,Taunggyi,Wheat,2652,2652,26.9,71339,2704,2704,31.51,85203,2321,2321,31.3,72647,2245,2245,26.92,60435,2260,2260,28.92,65359
Shan,kyauktalonegyi,Wheat,960,960,25.87,24837,897,897,26.17,23474,743,743,26.19,19461,654,654,26.2,17136,655,655,26.26,17203
Shan,Hopong,Wheat,1375,1375,21.1,29015,1316,1316,20.83,27412,1185,1185,19.14,22681,993,993,18.15,18023,680,680,17.68,12022
Shan,Nyaungshwe,Wheat,455,455,27.53,12526,455,455,27.55,12535,455,455,27.53,12526,455,455,27.53,12526,455,455,27.53,12526
Shan,His Hseng,Wheat,2793,2793,29.2,81556,2795,2795,29.23,81698,2795,2795,29.21,81642,2795,2795,29.29,81866,2795,2795,29.32,81949
Shan,Kalaw,Wheat,2727,2727,27.1,73900,2730,2730,27.15,74120,2733,2733,27.2,74330,2735,2735,27.25,74530,2733,2727,27.06,73790
Shan,Pindaya,Wheat,5509,5509,17.85,98335,5516,5516,17.86,98516,5518,5518,17.89,98717,5525,5525,17.91,98953,5528,5528,17.92,99062
Shan,Ywangan,Wheat,3922,3922,28,109816,3920,3920,28.02,109838,3922,3922,28,109816,1903,1903,27.25,51856,580,580,27.25,15805
Shan,Lawksawk,Wheat,560,560,26.5,14840,560,560,26.5,14840,450,450,32.98,14840,450,450,32.98,14840,420,420,32.45,13659
Shan,Intaw,Wheat,4,4,22.75,91,6,6,22.83,137,6,6,22.83,137,42,42,23.19,974,12,12,23.17,278
Shan,Pinlaung,Wheat,170,170,26.28,4468,169,169,30.46,5147,18,18,26.28,473,18,18,26.28,473,32,32,26.25,840
Shan,Naungtayar,Wheat,65,65,25.11,1632,78,78,25.04,1953,78,78,25.05,1954,70,70,25.06,1754,68,68,25.1,1707
Shan,Pekon,Wheat,59,59,25,1475,58,58,25.43,1475,60,60,25.43,1526,,,,,9,9,25.67,231
Shan,Loilen,Wheat,,,,,20,20,23.3,466,20,20,23.3,466,20,20,23.3,466,20,20,23.3,466
Shan,Lashio,Wheat,91,91,33.24,3025,94,94,32.88,3091,49,49,30.14,1477,16,16,29.63,474,14,14,29.36,411
Shan,Hseni,Wheat,,,,,,,,,3,3,30.33,91,12,12,30.42,365,14,14,30.5,427
Shan,Muse,Wheat,3745,3745,55.46,207707,4169,4169,55.51,231408,4285,4285,55.3,236958,4306,4306,55.36,238374,4138,4138,55.8,230900
Shan,Namhkan,Wheat,322,322,52.71,16973,320,320,52.8,16896,201,201,72.8,14633,35,35,72.6,2541,42,42,72.5,3045
Shan,Kutkai,Wheat,537,537,45.75,24566,537,537,45.77,24576,537,537,45.79,24587,537,537,45.77,24581,537,537,45.78,24582
Shan,Kyaukme,Wheat,2840,2840,33.49,95107,2834,2834,33.28,94319,2836,2836,32.91,93331,2836,2836,32.97,93500,2836,2836,32.99,93556
Shan,Hsipaw,Wheat,100,100,29.75,2975,100,100,29.8,2980,100,100,29.85,2985,80,80,29.8,2384,12,12,29.83,358
Shan,Nawnghkio,Wheat,9250,9250,32.54,300975,9250,9250,32.5,300625,9120,9120,32.54,296765,9250,9250,32.54,300975,9250,9250,32.6,301550
Shan,Namtu,Wheat,25,25,31,775,53,53,31,1643,53,53,31,1643,53,53,37.74,2000,53,53,38.15,2022
Shan,Namhsan,Wheat,6,6,25,150,6,6,25,150,6,6,25.33,152,6,6,25,150,6,6,25,150
Shan,Mongton,Wheat,102,102,28,2856,102,102,28,2856,75,75,28,2100,102,102,20.14,2054,102,102,27.89,2845
Shan,Mongmit,Wheat,,,,,,,,,,,,,,,,,5,5,30,150
Shan,Laukkaing,Wheat,23,,,,28,28,36.21,1014,3,3,29,87,3,3,29.67,89,3,3,29.67,89
Shan,Kone Kyann,Wheat,12,,,,5,5,29.4,147,5,5,29.6,148,5,5,29.4,147,,,,
Shan,Hopang,Wheat,10,10,25.3,253,,,,,,,,,,,,,,,,
Shan,Taunggyi,Sorghum,571,571,15.05,8594,606,606,15.76,9551,206,206,15.75,3245,126,126,15.75,1985,122,122,15.76,1923
Shan,Lawksawk,Sorghum,130,130,10.25,1333,130,130,10.25,1333,130,130,10.25,1333,,,,,,,,
Shan,Pekon,Sorghum,2635,2635,15.31,40342,2635,2635,15.31,40342,2635,2635,15.31,40342,2635,2635,15.31,40342,2635,2635,15.31,40342
Shan,Lashio,Sorghum,28,28,8.75,245,28,28,8.54,239,27,27,8.63,233,22,22,8.73,192,22,22,8.55,188
Shan,Taunggyi,Maize,1529,1529,14681,22447249,1487,1487,14682,21832134,1870,1870,14685,27460950,1870,1870,14685,27460950,1670,1670,14580,24348600
Shan,kyauktalonegyi,Maize,885,885,18691,16541535,927,927,14573,13509171,1057,1057,14574.04,15404761,1057,1057,14574.04,15404761,1097,1097,14585,15999595
Shan,Hopong,Maize,974,974,13658,13289234,920,920,13640,12548800,943,943,11640,10976520,934,934,11640,10976520,787,787,11529,9073323
Shan,Nyaungshwe,Maize,637,637,19367.2,12336906,637,637,19367,12336970,637,637,19367.3,12336970,637,637,19367.3,12336970,637,635,19429,12337095
Shan,His Hseng,Maize,2925,2925,14809,43316325,2928,2928,14810,43363680,2928,2928,14811,43366608,2928,2928,14811,43366608,2937,2937,14815,43511655
Shan,Kalaw,Maize,885,885,16275,14403375,886,886,16270,14415220,911,911,16250,14803750,911,911,16250,14803750,1009,1009,15000,15135000
Shan,Pindaya,Maize,383,383,18020,6901660,383,383,18020,6901660,394,394,18020,7099880,394,394,18020,7099880,387,387,17835,6902213
Shan,Ywangan,Maize,1983,1983,16076,31878708,1904,1904,16076,30608704,1986,1986,16075,31924950,1986,1986,16075,31924950,1986,1986,16045,31865370
Shan,Lawksawk,Maize,1584,1584,17662,27976608,1584,1584,1766,2797892,1584,1584,17662,27976608,1584,1584,17662,27976608,1584,1584,17665,27981360
Shan,Intaw,Maize,276,276,15500,4278000,276,276,15500,4278000,276,276,15500,4278000,276,276,15500,4278000,259,259,15150,3923850
Shan,Pinlaung,Maize,1363,1363,14695,20029285,1366,1366,14695,20073370,1361,1361,14695,19999895,1361,1361,14695,19999895,1366,1366,14690,20066540
Shan,Naungtayar,Maize,1536,1536,12000,18432000,1544,1544,11826,18260000,1545,1545,11826,18271170,1545,1545,11826,18271170,1541,1541,11848,18258285
Shan,Pekon,Maize,1450,1450,16001,23201450,1450,1450,16001,23201450,1450,1450,16001,23201450,1450,1450,16001,23201450,1450,1450,16001,23201450
Shan,Loilen,Maize,382,382,16223,6197186,385,385,16223,6245855,490,490,15673.2,7679870,490,490,15673.3,7679915,385,385,16223,6245855
Shan,Pinlon,Maize,510,510,15855,8086050,510,510,15856,8086560,510,510,15856,8086560,510,510,15856,8086560,510,510,15856,8086560
Shan,Laihka,Maize,358,358,15598.99,5584439,289,289,15784,4561699,289,289,16409,4742201,289,289,16409.03,4742209,239,239,16410,3921990
Shan,Namsang,Maize,459,459,15773,7239807,460,460,15773,7255580,473,473,15773,7460629,475,475,15772,7491700,475,475,15772,7491700
Shan,Ko Lam,Maize,146,146,15875,2317750,146,146,15875,2317748,146,146,15875.01,2317752,146,146,15875.03,2317754,146,146,15875,2317755
Shan,Kunhing,Maize,332,332,14715.1,4885412,332,332,14716,4885744,293,293,14897,4364821,293,293,14897,4364821,353,353,14728,5198994
Shan,Kar Li,Maize,282,282,14616.97,4151985,270,270,14618,3946725,225,225,14874,3346650,225,225,14875,3346875,270,270,14620,3947400
Shan,Kyethi,Maize,603,603,15210,9171630,603,603,15210,9171630,603,603,15211,9172233,603,603,15212,9172836,603,603,15212,9172836
Shan,Mong Nawng,Maize,324,324,15227,4933548,324,324,15227,4933548,324,324,15228,4933872,324,324,15230,4934520,324,324,15230,4934520
Shan,Mong Kung,Maize,655,655,16563,10848765,673,673,16563,11146899,698,698,16563,11560974,722,722,16563,11958486,746,746,16563,12655998
Shan,Mong Hsu,Maize,436,436,15469,6744484,436,436,15470,6744920,436,436,15471,6745356,436,436,15471.08,6745389,436,436,15471,6745400
Shan,Mongsan,Maize,68,68,15475.04,1052303,68,68,15475,1052303,68,68,15476,1052368,68,68,15476,1052368,68,68,15478,1052504
Shan,Laihka,Maize,230,230,13850,3185500,245,245,13850,3393250,250,250,13850,3462500,250,250,13850,3462500,250,250,13850,3462500
Shan,Homein,Maize,191,191,14602,2788982,193,193,14497,2797982,193,193,14497.32,2794982,193,193,14497.32,2797982,193,193,14469,2792500
Shan,Mongnai,Maize,664,664,17600,11686400,696,696,17700,12319200,756,756,17650,13343400,756,756,17650,13343400,584,584,17703,10338552
Shan,Kengtawng,Maize,153,153,14801,2264553,153,153,14805,2265133,153,153,14804.84,2265141,153,153,14804.84,2265141,137,137,14805,2028266
Shan,Mawkmai,Maize,508,508,13765.5,6992874,508,508,13766,6993255,508,508,13766.58,6993424,508,508,13766.58,6993423,492,492,13766,6773010
Shan,Mongpan,Maize,286,286,13351,3818386,281,281,13353,3752193,281,281,13354,3752474,281,281,13354,3752474,295,295,13447,3966750
Shan,Lashio,Maize,1569,1569,17563.77,27557550,1581,1581,17643.48,27894345,1626,1626,17883.96,29079320,1630,1630,18268.4,29777500,1622,1622,18357,29774526
Shan,Hseni,Maize,991,991,19950.58,19771020,847,847,19950.7,16898240,704,704,19950.7,14045290,751,751,19949.45,14982035,708,708,19954,14127271
Shan,Tangyan,Maize,1015,1015,16724,16974860,1189,1189,16440.17,19547368,1024,1024,17674,18098176,1015,1015,17784,18050760,1010,1010,17785,17962850
Shan,Mongyai,Maize,1550,1550,16520,25606000,1320,1320,16522,21809040,1250,1250,16524,20655000,1170,1170,16522,19330740,987,987,1563,1542286
Shan,Kunlong,Maize,198,198,14755,2921490,,,,,181,181,14765,2672465,157,157,14762.99,2317790,165,165,14765,2436270
Shan,Muse,Maize,1187,1187,19190.38,22778976,1190,1190,19185.49,22830733,1076,1076,19183.85,20641827,1167,1167,19006.7,22180816,1327,1327,18621,24710081
Shan,Namhkan,Maize,621,621,19600,12171600,629,629,19653,12361737,635,635,19360,12293600,1497,1497,19279.05,28860736,1628,1628,19311,31437600
Shan,Kutkai,Maize,454,454,18791.87,8531510,454,454,18792.87,8531964,454,454,18793.92,8532440,448,448,18794.06,8419738,426,426,18797,8007508
Shan,Kyaukme,Maize,2678,2678,18148.19,48600854,2106,2106,18478.08,38914842,1857,1857,18277.41,33941151,1901,1901,18285.1,3475998,1861,1861,18257,33976680
Shan,Hsipaw,Maize,2861,2861,18500,52928500,2662,2662,18500,49247000,2494,2494,18500,46139000,2424,2424,18508.71,44865120,1773,1773,18505,32809365
Shan,Nawnghkio,Maize,2331,2331,18829,43890399,2331,2331,18830,43892730,2335,2335,18852,43956375,2335,2335,18825,43956375,2450,2450,18650,45692500
Shan,Namtu,Maize,670,670,18624.55,12478450,670,670,18624.55,12478450,690,690,18624.71,12851050,650,650,18630,12109500,620,620,18640,11556800
Shan,Namhsan,Maize,680,680,18546,12611280,680,680,18550,12614000,680,680,18550,12614000,680,680,18552,12615360,680,680,18500,12580000
Shan,Monton,Maize,513,513,19000,9747000,513,513,1900,974700,513,513,19000,9747000,513,513,18000,9234000,513,513,18000,9234000
Shan,Mongmit,Maize,165,165,19450,3209250,135,135,19490,2631150,135,135,19500,2632500,125,125,19500,2437500,125,125,19496,2437000
Shan,Mabein,Maize,130,130,11750,1527500,143,143,11000,1573000,155,155,1000,155000,195,195,10000,1950000,198,198,9849,1950000
Shan,Laukkaing,Maize,221,221,24523.92,5419786,103,103,24537.1,2527321,226,226,24535.97,5545130,296,296,24505.49,7253625,296,296,24507,7253975
Shan,Kone Kyann,Maize,88,88,24500.27,2156024,71,71,20408.45,1449000,71,71,23953.31,1700685,71,71,23692.48,1682166,71,71,19468,1382220
Shan,Hopang,Maize,860,860,26707.56,22968500,830,830,26971.69,22386500,835,835,25173.84,21020160,828,828,25260,20915280,828,828,25268,20921490
Shan,Wa,Maize,100,100,15005.52,1500552,136,136,19846.37,2699106,87,87,14832,1290384,99,99,14848.97,1470048,99,99,14849,1470048
Shan,Matman,Maize,378,378,15464.02,5845400,375,375,15464.27,5799100,375,375,16177.67,6066625,1009,1009,16263.96,16410335,1009,1009,16264,16410335
Shan,Wa,Maize,,,,,,,,,40,40,15000,600000,40,40,15000,600000,40,40,15000,600000
Shan,Keng Tung,Maize,3372,3372,16886.24,56940410,3372,3372,16883.96,56932716,2234,2234,16554.59,36982950,2904,2904,16776,48717509,2904,2904,16777.13,48720776
Shan,Mongyang,Maize,2288,2288,15268.76,34934926,2288,2288,15352.69,35126962,2288,2288,15973.51,36547398,2411,2411,15980.55,38529101,2441,2441,15987.91,39026480
Shan,Mongkhet,Maize,1009,1009,15108.79,15244773,1007,1007,15939.08,16050658,1864,1864,16454.22,30670664,1527,1527,21466.96,32780044,1864,1864,16454.06,30670366
Shan,Mongla,Maize,803,803,16703.87,13413206,807,807,15959.72,12879496,905,905,15518.9,14044600,860,860,15224.19,13092803,860,860,15228.55,13096554
Shan,Mongping,Maize,905,905,15513.98,14040150,900,900,15517.44,13965700,831,831,15934.03,13241176,815,815,15968.82,13014587,815,815,15971.45,13016730
Shan,Mong Hsat,Maize,1647,1647,14430.95,23767770,1647,1647,15232.99,25088740,1667,1667,15163.57,25277668,1702,1702,15180.76,25837653,1702,1702,15180.82,25837763
Shan,Mong Ton,Maize,1494,1494,14255.4,21297565,1495,1495,14202.55,21232815,1548,1548,14197.89,21978335,1724,1724,14019.74,24170040,1724,1724,14020.39,24171155
Shan,Tachileik,Maize,725,725,13318.63,9656005,740,740,13328.5,9863091,749,749,13321.95,9978142,785,785,35266.49,27684197,736,736,13320.26,9803710
Shan,Monghpyak,Maize,648,648,13189.12,8546550,648,648,1859.12,1204710,648,648,13165.9,8531500,648,648,12521.53,8113950,648,648,12473.84,8083050
Shan,Mongyawng,Maize,1631,1631,13429.51,21903534,1432,1432,13379.43,19159343,1432,1432,13330.7,19089561,1625,1625,13396.81,21769809,1432,1432,13432.36,19235141
Shan,Taunggyi,Zea Maize,55434,55434,54.51,3021707,58504,58504,52.83,3090808,64709,64709,55.02,3560289,65462,65462,55.02,3601719,66201,66201,55.02,3642411
Shan,kyauktalonegyi,Zea Maize,2448,2448,54.65,133783,2913,2913,54.27,158088,2973,2973,54.16,161024,3260,3260,54.23,176806,3346,3346,54.41,182054
Shan,Hopong,Zea Maize,7732,7732,50.49,390389,7811,7811,49.61,387504,11980,119800,49.32,590853,12662,12662,49.35,624869,20510,20510,49.42,1013604
Shan,Nyaungshwe,Zea Maize,4395,4395,51.06,224408,4415,4415,51.7,228256,4465,4465,52.35,233762,4515,4515,52,234780,4565,4565,51.98,237276
Shan,His Hseng,Zea Maize,10006,10006,52.39,524214,10017,10017,52.41,524991,10022,10022,52.43,525453,10040,10040,52.45,526598,10078,10078,52.48,527319
Shan,Kalaw,Zea Maize,3133,3133,55.25,173100,3135,3135,55.25,173210,4059,4059,55.25,224265,4225,4225,55.5,234490,4362,4362,55,239910
Shan,Pindaya,Zea Maize,7998,7998,45.62,364869,7995,7995,45.65,364972,8012,8012,45.67,356908,8025,8025,45.71,366806,8751,8751,45.69,399833
Shan,Ywangan,Zea Maize,4821,4821,50.16,241821,4821,4821,56.4,271918,4660,4660,50.16,233745,4036,4036,50.15,202405,3154,3154,50.1,158017
Shan,Lawksawk,Zea Maize,46105,46105,52.4,2415902,48578,48578,52.5,2550345,49578,49578,52.4,2597887,50477,50477,52.8,2665186,50477,50477,52.8,2665186
Shan,Intaw,Zea Maize,8140,8140,54.2,441188,9064,9064,54.22,491450,10734,10734,54.35,583393,12266,12266,63.01,773003,12536,12536,63.02,782393
Shan,Pinlaung,Zea Maize,5191,5191,55.96,290488,5195,195,56.01,290991,5201,5201,56,291256,5201,5201,56.05,291516,5204,5204,56.03,291580
Shan,Naungtayar,Zea Maize,1595,1595,55.32,88230,1607,1607,55.4,89028,1661,1661,55.4,92019,1660,1660,56.1,93126,1705,1705,56.35,96077
Shan,Pekon,Zea Maize,9690,9690,50.79,492155,9690,9690,50.79,492155,9690,9690,50.88,493005,9690,9690,50.88,493005,9690,9690,50.76,491407
Shan,Loilen,Zea Maize,775,775,56.85,44059,777,777,56.85,44172,785,785,56.85,44527,785,785,56.85,44627,785,785,56.85,44627
Shan,Pinlon,Zea Maize,857,857,62.51,53574,866,866,62.51,54135,875,875,62.51,54696,875,875,62.52,54705,876,876,62.52,54767
Shan,Laihka,Zea Maize,900,900,45.98,41382,5682,5682,45.98,261258,5871,5871,48,281808,5671,5671,48.02,272323,5671,5671,48.02,272321
Shan,Namsang,Zea Maize,9860,9860,59.17,583426,9784,9784,55.28,540837,14903,14903,55.33,824583,17913,17913,55.42,992738,18213,18125,55.42,1004488
Shan,Ko Lam,Zea Maize,5416,5416,59,319544,5459,5459,65.92,359833,5473,5473,65.91,360725,5496,5496,65.81,361692,5810,5810,65.66,381485
Shan,Kunhing,Zea Maize,1159,1159,52.88,61284,1556,1556,52.88,82287,2306,2306,52.88,121941,2306,2306,52.45,120941,2306,2306,52.6,121296
Shan,Kar Li,Zea Maize,1060,1060,55.6,58936,1079,1079,55.65,60048,1095,1095,55.7,60991,1095,1095,55.8,61101,1095,1095,55.9,61210
Shan,Kyethi,Zea Maize,4560,4560,53.7,244872,6200,6200,53.73,333126,9586,9586,53.73,515056,9590,9590,53.75,515462,9590,9590,53.75,515462
Shan,Mong Nawng,Zea Maize,1990,1990,58.2,1155818,2090,2090,58.25,121743,2190,2190,58.3,127668,2190,2190,58.35,127786,2190,2190,58.35,127790
Shan,Mong Kung,Zea Maize,3906,3906,56.3,219908,3957,3957,56.33,222898,3957,3957,56.35,222975,3957,3957,56.4,223175,3981,3981,56.4,224528
Shan,Mong Hsu,Zea Maize,1520,1520,47.96,72900,1640,1640,47.97,78665,1840,1840,48.02,88358,2276,2276,48.12,109521,2276,2276,48.15,109589
Shan,Mongsan,Zea Maize,185,185,44.55,8242,185,185,44.55,8242,185,185,45.09,8342,185,185,45.09,8342,185,185,45.19,8360
Shan,Laihka,Zea Maize,2685,2685,49.5,132907,2745,2745,49.5,135877,2759,2759,49.6,136846,2765,2765,49.5,136867,7615,7615,47.65,362825
Shan,Homein,Zea Maize,549,549,49.62,27241,546,546,49.65,27111,647,647,45.19,29240,647,647,45.23,29264,647,647,45.23,29264
Shan,Mongnai,Zea Maize,6628,6628,56.5,374482,8664,8664,56.6,490382,10456,10456,59.55,622654,10982,10982,62.5,686375,13920,13920,62.91,875707
Shan,Kengtawng,Zea Maize,580,580,95,55100,1085,1085,50.65,54950,1139,1139,51.36,58499,1329,1329,51.37,68271,3489,3489,51.37,179230
Shan,Mawkmai,Zea Maize,1175,1175,49.75,58456,1175,1175,49.87,58593,1175,1175,49.92,58656,1175,1175,49.98,58726,1167,1167,48,56016
Shan,Mongpan,Zea Maize,1573,1573,49.5,77864,1512,1512,52.5,79380,1512,1512,52.5,79380,1512,1512,52.5,79380,1512,1508,52.49,79155
Shan,Lashio,Zea Maize,47312,47312,73.22,3464386,48924,48924,73.18,3580459,51026,51026,73.24,3737186,52926,52926,72.87,3856683,61301,60915,72.52,4417576
Shan,Hseni,Zea Maize,18069,18069,70.73,1278031,19057,19057,71.06,1354283,20917,20892,70.97,1482674,22133,22133,71.36,1579329,22637,22596,71.46,1614728
Shan,Tangyan,Zea Maize,12128,12128,78.31,949745,12839,12839,78.22,1004265,12920,12920,77.86,1005951,12895,12895,78.35,1010323,12900,12900,78.35,1010715
Shan,Mongyai,Zea Maize,12585,12585,65.83,828471,15570,15570,66.85,1040855,16120,16120,66.3,1068756,16650,16650,66.35,1104728,18954,18954,66.28,1256259
Shan,Kunlong,Zea Maize,7235,7091,77.31,548208,9734,9734,77.35,752877,7769,7383,77.2,570001,6808,6702,76.99,515962,5767,5767,77.08,444543
Shan,Muse,Zea Maize,10109,10105,73.71,744861,10830,10830,73.1,791718,11169,11055,72.48,801252,10976,10976,72.77,798689,11201,11201,71.34,799067
Shan,Namhkan,Zea Maize,5526,5508,74.5,410369,5734,5734,74.21,425536,5557,5482,75.93,416248,5532,5532,78.62,434951,6362,6362,75.96,483253
Shan,Kutkai,Zea Maize,16762,16762,75.64,1267878,16563,16563,75.93,1257615,16572,16572,75.96,1258751,19026,19026,76.54,1456212,19224,19224,76.55,1471549
Shan,Kyaukme,Zea Maize,36536,36536,73.79,2695886,38086,38086,73.93,2815563,38672,38659,73.77,2851850,40454,40454,73.56,2975838,43126,43097,73.61,3172481
Shan,Hsipaw,Zea Maize,30231,30231,74.75,2259767,34121,34121,74.8,2552251,44769,44769,75.09,3361562,61475,61475,75.12,4617816,59386,59229,74.89,4435654
Shan,Nawnghkio,Zea Maize,61382,61382,75.5,4634341,64382,64382,76.8,4944538,64882,64882,75.8,4918055,69083,69083,76.8,5305421,64253,64226,76.5,4913289
Shan,Namtu,Zea Maize,10591,10591,71.99,762477,11789,11789,71.99,848746,12106,12106,72.04,872161,11000,11000,72.75,800250,13768,13736,72.85,1000600
Shan,Namhsan,Zea Maize,677,677,65,44005,677,677,65.25,44174,677,677,65.5,44344,677,677,65.56,44384,677,677,65.56,44384
Shan,Monton,Zea Maize,1710,1710,69.56,118955,1764,1764,70,126480,1764,1764,70,123480,1764,1764,70.12,123683,1770,1770,70,123900
Shan,Mongmit,Zea Maize,175,175,52.08,9114,75,75,59.49,4462,75,75,59.65,4474,125,125,59.65,7456,146,146,61.56,8988
Shan,Mabein,Zea Maize,250,250,58.5,14625,285,285,58.5,16673,292,292,58.5,17082,750,750,59,44250,830,830,61.2,50800
Shan,Laukkaing,Zea Maize,17224,17224,75.69,1303707,10963,10963,75.74,830340,18341,18341,75.7,1388354,18341,18341,75.7,1388384,18294,18294,69.63,1273758
Shan,Kone Kyann,Zea Maize,8666,8666,65.66,569012,2101,2101,75.29,158186,6543,6543,70.62,462067,6682,6682,75.11,501852,6704,6704,71.99,482602
Shan,Hopang,Zea Maize,9460,8317,76.49,636156,11636,11636,70.31,818137,9976,9159,61.17,560218,10057,9983,61.34,612318,10057,10057,61.68,620353
Shan,Wa,Zea Maize,1921,2921,59.52,173868,2548,2548,69.3,176583,1918,1918,68.73,161819,1917,1917,68.74,131771,1917,1917,68.74,131771
Shan,Matman,Zea Maize,285,285,59.5,16958,285,285,59.5,16958,290,290,59.52,17261,683,683,59.52,40652,683,683,59.52,40652
Shan,Wa,Zea Maize,,,,,,,,,631,631,71.04,44827,631,631,71.04,44827,631,631,71.04,44827
Shan,Keng Tung,Zea Maize,3422,3422,61.03,208859,3422,3422,60.94,208529,2804,2804,60.65,170072,3626,3626,60.78,220382,3692,3692,60.9,224836
Shan,Mongyang,Zea Maize,8956,8956,56.91,509717,8958,8958,56.92,509884,8961,8961,57.15,512155,9110,9110,57.37,522626,9272,9272,57.4,532233
Shan,Mongkhet,Zea Maize,2543,2543,57.01,144976,2530,2530,57.3,144969,2653,2653,57.17,151677,3053,3053,57.18,174571,3289,3289,57.2,188131
Shan,Mongla,Zea Maize,2432,2432,51.17,124449,2434,2434,51.17,124555,3000,3000,61.88,185637,2478,2478,51.45,127502,3720,3720,59.48,221277
Shan,Mongping,Zea Maize,2980,2980,61.73,183945,2950,2950,61.88,182550,2488,2488,51.16,127286,3000,3000,61.88,185639,1989,1989,53.15,105708
Shan,Mong Hsat,Zea Maize,4393,4393,54.05,237427,4398,4398,54.17,238246,4706,4706,54.12,254698,4711,4711,54.12,254936,4726,4726,54.11,255742
Shan,Mongton,Zea Maize,2596,2596,50.09,130044,2630,2630,50.08,131710,2643,2643,50.28,132899,2843,2843,50.33,143099,2843,2843,50.49,143533
Shan,Tachileik,Zea Maize,2549,2549,60.56,154372,2458,2458,60.49,148674,2351,2351,60.52,142277,2376,2376,60.56,143901,2386,2386,60.56,144504
Shan,Monghpyak,Zea Maize,2000,2000,75.23,150458,2000,2000,75.26,150461,2000,2000,75.03,150054,2000,2000,73.95,147898,2000,2000,73.97,147933
Shan,Mongyawng,Zea Maize,3890,3890,80.23,312084,3325,3325,79.59,264631,3325,3325,79.64,264811,3497,3497,76.96,269136,3325,3325,79.99,265972
